{"Awtoufp":141097.48469426963,
"Fiiilg":1471.0,
"Fvho":812358.3330808945,
"Vgibf":268263.20742136304,
"Xqbmta":427443.3608386757,
"Henszij":298696.0,
"Ojpj":718658.0,
"Mauc":7974.432070207378,
"Ttjzsno":3234.2731527971,
"Ngowvwv":340387.0,
"Cvul":141097.48469426963,
"Zyantw":1471.0,
"Cdsijox":812358.3330808945,
"Egzfjej":268263.20742136304,
"Awou":427443.3608386757}